State,District,Taluka,Village
Kerala,Alappuzha,Ambalappuzha 598056740,Ambalappuzha 056746282290
Kerala,Alappuzha,Ambalappuzha 598056740,Aryad South Part 056746282270
Kerala,Alappuzha,Ambalappuzha 598056740,Kalavoor 056746282260
Kerala,Alappuzha,Ambalappuzha 598056740,Karumady 056746282300
Kerala,Alappuzha,Ambalappuzha 598056740,Mullakkal Part 056746282280
Kerala,Alappuzha,Ambalappuzha 598056740,Purakkad 056746282310
Kerala,Alappuzha,Chengannur 598056770,Ala Part 056776282720
Kerala,Alappuzha,Chengannur 598056770,Chengannur Part 056776282700
Kerala,Alappuzha,Chengannur 598056770,Cheriyanad 056776282740
Kerala,Alappuzha,Chengannur 598056770,Ennakkad 056776282670
Kerala,Alappuzha,Chengannur 598056770,Mulakuzha Part 056776282710
Kerala,Alappuzha,Chengannur 598056770,Pandanad Part 056776282680
Kerala,Alappuzha,Chengannur 598056770,Puliyoor Part 056776282730
Kerala,Alappuzha,Chengannur 598056770,Thiruvanvandoor 056776282690
Kerala,Alappuzha,Chengannur 598056770,Venmony 056776282750
Kerala,Alappuzha,Cherthala 598056730,Cherthala North Part 056736282110
Kerala,Alappuzha,Cherthala 598056730,Cherthala South Part 056736282120
Kerala,Alappuzha,Cherthala 598056730,Kadakkarappally 056736282100
Kerala,Alappuzha,Cherthala 598056730,Mararikkulam North 056736282130
Kerala,Alappuzha,Cherthala 598056730,Panavally 056736282070
Kerala,Alappuzha,Cherthala 598056730,Pattanakkad 056736282090
Kerala,Alappuzha,Cherthala 598056730,Perumbalam 056736282060
Kerala,Alappuzha,Cherthala 598056730,Thuravoor Thekku 056736282080
Kerala,Alappuzha,Karthikappally 598056760,Arattupuzha 056766282550
Kerala,Alappuzha,Karthikappally 598056760,Cheruthana 056766282510
Kerala,Alappuzha,Karthikappally 598056760,Karuvatta 056766282500
Kerala,Alappuzha,Karthikappally 598056760,Pallippad 056766282530
Kerala,Alappuzha,Karthikappally 598056760,Thrikkunnapuzha 056766282540
Kerala,Alappuzha,Karthikappally 598056760,Veeyapuram 056766282520
Kerala,Alappuzha,Kuttanad 598056750,Champakkulam 056756282440
Kerala,Alappuzha,Kuttanad 598056750,Edathua 056756282470
Kerala,Alappuzha,Kuttanad 598056750,Kainakary North 056756282360
Kerala,Alappuzha,Kuttanad 598056750,Kainakary South 056756282370
Kerala,Alappuzha,Kuttanad 598056750,Kavalam 056756282400
Kerala,Alappuzha,Kuttanad 598056750,Kunnumma 056756282390
Kerala,Alappuzha,Kuttanad 598056750,Muttar 056756282480
Kerala,Alappuzha,Kuttanad 598056750,Nedumudi 056756282450
Kerala,Alappuzha,Kuttanad 598056750,Neelamperoor 056756282410
Kerala,Alappuzha,Kuttanad 598056750,Pulinkunnu 056756282380
Kerala,Alappuzha,Kuttanad 598056750,Ramankary 056756282430
Kerala,Alappuzha,Kuttanad 598056750,Thakazhy 056756282460
Kerala,Alappuzha,Kuttanad 598056750,Thalavady 056756282490
Kerala,Alappuzha,Kuttanad 598056750,Veliyanad 056756282420
Kerala,Alappuzha,Mavelikkara 598056780,Chunakkara 056786282820
Kerala,Alappuzha,Mavelikkara 598056780,Noornad 056786282830
Kerala,Alappuzha,Mavelikkara 598056780,Palamel 056786282840
Kerala,Alappuzha,Mavelikkara 598056780,Perungala 056786282810
Kerala,Alappuzha,Mavelikkara 598056780,Thamarakkulam 056786282850
Kerala,Alappuzha,Mavelikkara 598056780,Thekkekara Part 056786282800
Kerala,Alappuzha,Mavelikkara 598056780,Thriperumthura 056786282780
Kerala,Alappuzha,Mavelikkara 598056780,Vallikunnam 056786282860
Kerala,Alappuzha,Mavelikkara 598056780,Vettiyar 056786282790
Kerala,Ernakulam,Aluva 595056580,Ayyampuzha 056586279670
Kerala,Ernakulam,Aluva 595056580,Karukutty 056586279650
Kerala,Ernakulam,Aluva 595056580,Malayattoor 056586279690
Kerala,Ernakulam,Aluva 595056580,Manjapra 056586279680
Kerala,Ernakulam,Aluva 595056580,Mookkannoor 056586279660
Kerala,Ernakulam,Aluva 595056580,Parakkadavu 056586279640
Kerala,Ernakulam,Aluva 595056580,Thuravoor 056586279700
Kerala,Ernakulam,Kanayannur 595056610,Edakkattuvayal 056616280030
Kerala,Ernakulam,Kanayannur 595056610,Kaippattur 056616280040
Kerala,Ernakulam,Kanayannur 595056610,Keecherry 056616280060
Kerala,Ernakulam,Kanayannur 595056610,Kulayettikara 056616280050
Kerala,Ernakulam,Kanayannur 595056610,Thrikkakara North Part 056616280020
Kerala,Ernakulam,Kochi 595056600,Chellanam 056606279970
Kerala,Ernakulam,Kochi 595056600,Edavanakkad 056606279950
Kerala,Ernakulam,Kochi 595056600,Kuzhuppilly 056606279930
Kerala,Ernakulam,Kochi 595056600,Nayarambalam 056606279960
Kerala,Ernakulam,Kochi 595056600,Pallippuram 056606279940
Kerala,Ernakulam,Kothamangalam 595056630,Kedavoor 056636280450
Kerala,Ernakulam,Kothamangalam 595056630,Keerampara 056636280420
Kerala,Ernakulam,Kothamangalam 595056630,Kottappady 056636280390
Kerala,Ernakulam,Kothamangalam 595056630,Kuttamangalam 056636280430
Kerala,Ernakulam,Kothamangalam 595056630,Kuttampuzha 056636280410
Kerala,Ernakulam,Kothamangalam 595056630,Neriamangalam 056636280440
Kerala,Ernakulam,Kothamangalam 595056630,Pindimana 056636280400
Kerala,Ernakulam,Kothamangalam 595056630,Pothanikkad 056636280460
Kerala,Ernakulam,Kothamangalam 595056630,Thrikkariyoor Part 056636280380
Kerala,Ernakulam,Kothamangalam 595056630,Varappetty 056636280470
Kerala,Ernakulam,Kunnathunad 595056570,Aikaranad North 056576279530
Kerala,Ernakulam,Kunnathunad 595056570,Aikaranad South 056576279540
Kerala,Ernakulam,Kunnathunad 595056570,Arakapady 056576279470
Kerala,Ernakulam,Kunnathunad 595056570,Asamannoor 056576279450
Kerala,Ernakulam,Kunnathunad 595056570,Irapuram 056576279480
Kerala,Ernakulam,Kunnathunad 595056570,Kizhakkambalam 056576279510
Kerala,Ernakulam,Kunnathunad 595056570,Kodanad 056576279410
Kerala,Ernakulam,Kunnathunad 595056570,Kombanad 056576279420
Kerala,Ernakulam,Kunnathunad 595056570,Mazhuvannoor 056576279490
Kerala,Ernakulam,Kunnathunad 595056570,Pattimattom 056576279500
Kerala,Ernakulam,Kunnathunad 595056570,Rayamangalam 056576279460
Kerala,Ernakulam,Kunnathunad 595056570,Thiruvaniyoor 056576279550
Kerala,Ernakulam,Kunnathunad 595056570,Vadavukode 056576279520
Kerala,Ernakulam,Kunnathunad 595056570,Vengoor 056576279430
Kerala,Ernakulam,Kunnathunad 595056570,Vengoor West 056576279440
Kerala,Ernakulam,Muvattupuzha 595056620,Arakuzha 056626280260
Kerala,Ernakulam,Muvattupuzha 595056620,Elanji 056626280360
Kerala,Ernakulam,Muvattupuzha 595056620,Enanalloor 056626280220
Kerala,Ernakulam,Muvattupuzha 595056620,Kalloorkkad 056626280230
Kerala,Ernakulam,Muvattupuzha 595056620,Koothattukulam 056626280350
Kerala,Ernakulam,Muvattupuzha 595056620,Maneed 056626280300
Kerala,Ernakulam,Muvattupuzha 595056620,Manjalloor 056626280240
Kerala,Ernakulam,Muvattupuzha 595056620,Marady Part 056626280270
Kerala,Ernakulam,Muvattupuzha 595056620,Memury 056626280280
Kerala,Ernakulam,Muvattupuzha 595056620,Mulavoor 056626280210
Kerala,Ernakulam,Muvattupuzha 595056620,Muvattupuzha Part 056626280250
Kerala,Ernakulam,Muvattupuzha 595056620,Onakkoor 056626280320
Kerala,Ernakulam,Muvattupuzha 595056620,Palakkuzha 056626280340
Kerala,Ernakulam,Muvattupuzha 595056620,Piravom 056626280310
Kerala,Ernakulam,Muvattupuzha 595056620,Ramamangalam 056626280290
Kerala,Ernakulam,Muvattupuzha 595056620,Thirumarady 056626280330
Kerala,Ernakulam,Muvattupuzha 595056620,Valakam 056626280200
Kerala,Ernakulam,Paravur 595056590,Ezhikkara 056596279820
Kerala,Ernakulam,Paravur 595056590,Kunnukara 056596279810
Kerala,Idukki,Devikulam 596056640,Anaviratty 056646280570
Kerala,Idukki,Devikulam 596056640,Kannan Devan Hills 056646280540
Kerala,Idukki,Devikulam 596056640,Kanthalloor 056646280510
Kerala,Idukki,Devikulam 596056640,Keezhanthoor 056646280500
Kerala,Idukki,Devikulam 596056640,Kottakamboor 056646280520
Kerala,Idukki,Devikulam 596056640,Kunjithanny 056646280590
Kerala,Idukki,Devikulam 596056640,Mankulam 056646280550
Kerala,Idukki,Devikulam 596056640,Mannamkandam 056646280560
Kerala,Idukki,Devikulam 596056640,Marayoor 056646280490
Kerala,Idukki,Devikulam 596056640,Pallivasal 056646280580
Kerala,Idukki,Devikulam 596056640,Vattavada 056646280530
Kerala,Idukki,Devikulam 596056640,Vellathuval 056646280600
Kerala,Idukki,Peerumade 596056670,Elappara 056676281050
Kerala,Idukki,Peerumade 596056670,Kokkayar 056676281060
Kerala,Idukki,Peerumade 596056670,Kumily 056676281100
Kerala,Idukki,Peerumade 596056670,Manjumala 056676281080
Kerala,Idukki,Peerumade 596056670,Mlappara 056676281110
Kerala,Idukki,Peerumade 596056670,Peerumade 056676281070
Kerala,Idukki,Peerumade 596056670,Periyar 056676281090
Kerala,Idukki,Peerumade 596056670,Peruvanthanam 056676281120
Kerala,Idukki,Peerumade 596056670,Upputhara 056676281040
Kerala,Idukki,Peerumade 596056670,Vagamon 056676281030
Kerala,Idukki,Thodupuzha 596056660,Alacode 056666280970
Kerala,Idukki,Thodupuzha 596056660,Arakkulam 056666281000
Kerala,Idukki,Thodupuzha 596056660,Elappally 056666281020
Kerala,Idukki,Thodupuzha 596056660,Idukki 056666280990
Kerala,Idukki,Thodupuzha 596056660,Kanjikuzhi 056666280870
Kerala,Idukki,Thodupuzha 596056660,Karikkode Part 056666280910
Kerala,Idukki,Thodupuzha 596056660,Karimannoor 056666280900
Kerala,Idukki,Thodupuzha 596056660,Karimkunnam Part 056666280950
Kerala,Idukki,Thodupuzha 596056660,Kodikulam 056666280850
Kerala,Idukki,Thodupuzha 596056660,Kudayathoor 056666281010
Kerala,Idukki,Thodupuzha 596056660,Kumaramangalam Part 056666280840
Kerala,Idukki,Thodupuzha 596056660,Manakkad Part 056666280930
Kerala,Idukki,Thodupuzha 596056660,Muttom 056666280960
Kerala,Idukki,Thodupuzha 596056660,Neyyasseri 056666280890
Kerala,Idukki,Thodupuzha 596056660,Purapuzha 056666280940
Kerala,Idukki,Thodupuzha 596056660,Thodupuzha Part 056666280920
Kerala,Idukki,Thodupuzha 596056660,Udumbannoor 056666280880
Kerala,Idukki,Thodupuzha 596056660,Vannapuram 056666280860
Kerala,Idukki,Thodupuzha 596056660,Velliyamattom 056666280980
Kerala,Idukki,Udumbanchola 596056650,Anakkara 056656280830
Kerala,Idukki,Udumbanchola 596056650,Anavilasam 056656280810
Kerala,Idukki,Udumbanchola 596056650,Ayyappancoil 056656280800
Kerala,Idukki,Udumbanchola 596056650,Baisonvally 056656280630
Kerala,Idukki,Udumbanchola 596056650,Chakkupallam 056656280820
Kerala,Idukki,Udumbanchola 596056650,Chathurangapara 056656280690
Kerala,Idukki,Udumbanchola 596056650,Chinnakanal 056656280640
Kerala,Idukki,Udumbanchola 596056650,Kalkoonthal 056656280740
Kerala,Idukki,Udumbanchola 596056650,Kanthippara 056656280670
Kerala,Idukki,Udumbanchola 596056650,Karunapuram 056656280770
Kerala,Idukki,Udumbanchola 596056650,Kattappana 056656280790
Kerala,Idukki,Udumbanchola 596056650,Konnathady 056656280610
Kerala,Idukki,Udumbanchola 596056650,Pampadumpara 056656280760
Kerala,Idukki,Udumbanchola 596056650,Parathodu 056656280750
Kerala,Idukki,Udumbanchola 596056650,Poopara 056656280650
Kerala,Idukki,Udumbanchola 596056650,Rajakkad 056656280620
Kerala,Idukki,Udumbanchola 596056650,Rajakumari 056656280660
Kerala,Idukki,Udumbanchola 596056650,Santhanpara 056656280680
Kerala,Idukki,Udumbanchola 596056650,Thankamony 056656280730
Kerala,Idukki,Udumbanchola 596056650,Udumbanchola 056656280700
Kerala,Idukki,Udumbanchola 596056650,Upputhode 056656280720
Kerala,Idukki,Udumbanchola 596056650,Vandanmedu 056656280780
Kerala,Idukki,Udumbanchola 596056650,Vathikudy 056656280710
Kerala,Kannur,Kannur 589056330,Mattool 056336272190
Kerala,Kannur,Kannur 589056330,Panapuzha 056336272180
Kerala,Kannur,Taliparamba 589056320,Alakode 056326271900
Kerala,Kannur,Taliparamba 589056320,Alapadamba 056326271800
Kerala,Kannur,Taliparamba 589056320,Chengalai 056326272070
Kerala,Kannur,Taliparamba 589056320,Chuzhali 056326271970
Kerala,Kannur,Taliparamba 589056320,Eramam 056326271810
Kerala,Kannur,Taliparamba 589056320,Eruvassy 056326271990
Kerala,Kannur,Taliparamba 589056320,Kalliad 056326272040
Kerala,Kannur,Taliparamba 589056320,Kankole 056326271790
Kerala,Kannur,Taliparamba 589056320,Kayaralam 056326272080
Kerala,Kannur,Taliparamba 589056320,Kooveri 056326271930
Kerala,Kannur,Taliparamba 589056320,Kuttiyeri 056326271950
Kerala,Kannur,Taliparamba 589056320,Kuttoor 056326271830
Kerala,Kannur,Taliparamba 589056320,Malapattam 056326272060
Kerala,Kannur,Taliparamba 589056320,Nediyanga 056326271980
Kerala,Kannur,Taliparamba 589056320,New Naduvil 056326271920
Kerala,Kannur,Taliparamba 589056320,Nuchiyad 056326272010
Kerala,Kannur,Taliparamba 589056320,Padiyoor 056326272030
Kerala,Kannur,Taliparamba 589056320,Panniyoor 056326271940
Kerala,Kannur,Taliparamba 589056320,Pattuvam 056326271960
Kerala,Kannur,Taliparamba 589056320,Payyavoor 056326272000
Kerala,Kannur,Taliparamba 589056320,Peralam 056326271780
Kerala,Kannur,Taliparamba 589056320,Peringome 056326271850
Kerala,Kannur,Taliparamba 589056320,Perinthatta 056326271820
Kerala,Kannur,Taliparamba 589056320,Pulingome 056326271880
Kerala,Kannur,Taliparamba 589056320,Ramanthali 056326271770
Kerala,Kannur,Taliparamba 589056320,Sreekandapuram 056326272050
Kerala,Kannur,Taliparamba 589056320,Thimiri 056326271860
Kerala,Kannur,Taliparamba 589056320,Thirumeni 056326271890
Kerala,Kannur,Taliparamba 589056320,Vayakkara 056326271870
Kerala,Kannur,Taliparamba 589056320,Vayathur 056326272020
Kerala,Kannur,Taliparamba 589056320,Vellad 056326271910
Kerala,Kannur,Taliparamba 589056320,Vellora 056326271840
Kerala,Kannur,Thalassery 589056340,Aralam 056346272560
Kerala,Kannur,Thalassery 589056340,Ayyankunnu 056346272550
Kerala,Kannur,Thalassery 589056340,Chavassery 056346272510
Kerala,Kannur,Thalassery 589056340,Cheruvanchery 056346272690
Kerala,Kannur,Thalassery 589056340,Kanichar 056346272590
Kerala,Kannur,Thalassery 589056340,Kannavam 056346272670
Kerala,Kannur,Thalassery 589056340,Keezhur 056346272520
Kerala,Kannur,Thalassery 589056340,Kelakam 056346272580
Kerala,Kannur,Thalassery 589056340,Koloyad 056346272660
Kerala,Kannur,Thalassery 589056340,Kottiyoor 056346272570
Kerala,Kannur,Thalassery 589056340,Manathana 056346272600
Kerala,Kannur,Thalassery 589056340,Muzhakkunnu 056346272610
Kerala,Kannur,Thalassery 589056340,Pattannur 056346272500
Kerala,Kannur,Thalassery 589056340,Payam 056346272530
Kerala,Kannur,Thalassery 589056340,Puthoor 056346272700
Kerala,Kannur,Thalassery 589056340,Sivapuram 056346272680
Kerala,Kannur,Thalassery 589056340,Thillenkeri 056346272620
Kerala,Kannur,Thalassery 589056340,Tholambra 056346272630
Kerala,Kannur,Thalassery 589056340,Thrippangottur 056346272710
Kerala,Kannur,Thalassery 589056340,Vekkalam 056346272650
Kerala,Kannur,Thalassery 589056340,Vellarvelly 056346272640
Kerala,Kannur,Thalassery 589056340,Vilamana 056346272540
Kerala,Kasaragod,Hosdurg 588056310,Ambalathara 056316271530
Kerala,Kasaragod,Hosdurg 588056310,Balal 056316271450
Kerala,Kasaragod,Hosdurg 588056310,Bellur 056316271410
Kerala,Kasaragod,Hosdurg 588056310,Bheemanady 056316271500
Kerala,Kasaragod,Hosdurg 588056310,Cheemeni 056316271580
Kerala,Kasaragod,Hosdurg 588056310,Cheemeni Ii 056316271570
Kerala,Kasaragod,Hosdurg 588056310,Chithari 056316271380
Kerala,Kasaragod,Hosdurg 588056310,Chittarikkal 056316271490
Kerala,Kasaragod,Hosdurg 588056310,Kallar 056316271430
Kerala,Kasaragod,Hosdurg 588056310,Karindalam 056316271560
Kerala,Kasaragod,Hosdurg 588056310,Kayyur 056316271590
Kerala,Kasaragod,Hosdurg 588056310,Kilayikode 056316271600
Kerala,Kasaragod,Hosdurg 588056310,Kinanoor 056316271550
Kerala,Kasaragod,Hosdurg 588056310,Kodakkad 056316271620
Kerala,Kasaragod,Hosdurg 588056310,Kodom 056316271420
Kerala,Kasaragod,Hosdurg 588056310,Madikai 056316271540
Kerala,Kasaragod,Hosdurg 588056310,Maloth 056316271460
Kerala,Kasaragod,Hosdurg 588056310,Padne 056316271630
Kerala,Kasaragod,Hosdurg 588056310,Palavayal 056316271480
Kerala,Kasaragod,Hosdurg 588056310,Pallikkara Ii 056316271360
Kerala,Kasaragod,Hosdurg 588056310,Panathady 056316271440
Kerala,Kasaragod,Hosdurg 588056310,Panayal 056316271370
Kerala,Kasaragod,Hosdurg 588056310,Parappa 056316271510
Kerala,Kasaragod,Hosdurg 588056310,Periya 056316271390
Kerala,Kasaragod,Hosdurg 588056310,Pullur 056316271400
Kerala,Kasaragod,Hosdurg 588056310,Thayanur 056316271520
Kerala,Kasaragod,Hosdurg 588056310,Thimiri 056316271610
Kerala,Kasaragod,Hosdurg 588056310,Udinoor 056316271640
Kerala,Kasaragod,Hosdurg 588056310,West Eleri 056316271470
Kerala,Kasaragod,Kasaragod 588056300,Adhur 056306271100
Kerala,Kasaragod,Kasaragod 588056300,Adoor 056306271190
Kerala,Kasaragod,Kasaragod 588056300,Angadimogaru 056306270820
Kerala,Kasaragod,Kasaragod 588056300,Arikady 056306270970
Kerala,Kasaragod,Kasaragod 588056300,Badaje 056306270690
Kerala,Kasaragod,Kasaragod 588056300,Badiyadka 056306270880
Kerala,Kasaragod,Kasaragod 588056300,Badoor 056306270810
Kerala,Kasaragod,Kasaragod 588056300,Bandadka 056306271180
Kerala,Kasaragod,Kasaragod 588056300,Bayar 056306270800
Kerala,Kasaragod,Kasaragod 588056300,Bedadka 056306271140
Kerala,Kasaragod,Kasaragod 588056300,Bekoor 056306270750
Kerala,Kasaragod,Kasaragod 588056300,Bela 056306270900
Kerala,Kasaragod,Kasaragod 588056300,Bellur 056306271090
Kerala,Kasaragod,Kasaragod 588056300,Bombrana 056306270960
Kerala,Kasaragod,Kasaragod 588056300,Chippar 056306270790
Kerala,Kasaragod,Kasaragod 588056300,Delampady 056306271200
Kerala,Kasaragod,Kasaragod 588056300,Edanad 056306270920
Kerala,Kasaragod,Kasaragod 588056300,Enmakaje 056306270850
Kerala,Kasaragod,Kasaragod 588056300,Heroor 056306270730
Kerala,Kasaragod,Kasaragod 588056300,Ichilampady 056306270980
Kerala,Kasaragod,Kasaragod 588056300,Ichilangod 056306270720
Kerala,Kasaragod,Kasaragod 588056300,Kadambar 056306270650
Kerala,Kasaragod,Kasaragod 588056300,Kaliyoor 056306270620
Kerala,Kasaragod,Kasaragod 588056300,Kalnad 056306271000
Kerala,Kasaragod,Kasaragod 588056300,Kannur 056306270930
Kerala,Kasaragod,Kasaragod 588056300,Karadka 056306271110
Kerala,Kasaragod,Kasaragod 588056300,Karivedakam 056306271170
Kerala,Kasaragod,Kasaragod 588056300,Kattukukke 056306270860
Kerala,Kasaragod,Kasaragod 588056300,Kayyar 056306270760
Kerala,Kasaragod,Kasaragod 588056300,Kidoor 056306270940
Kerala,Kasaragod,Kasaragod 588056300,Kodalamogaru 056306270600
Kerala,Kasaragod,Kasaragod 588056300,Kodibail 056306270710
Kerala,Kasaragod,Kasaragod 588056300,Kolathur 056306271130
Kerala,Kasaragod,Kasaragod 588056300,Koliyoor 056306270610
Kerala,Kasaragod,Kasaragod 588056300,Kubanoor 056306270740
Kerala,Kasaragod,Kasaragod 588056300,Kudalmarkala 056306270770
Kerala,Kasaragod,Kasaragod 588056300,Kuloor 056306270670
Kerala,Kasaragod,Kasaragod 588056300,Kumbadaje 056306271070
Kerala,Kasaragod,Kasaragod 588056300,Kuttikole 056306271160
Kerala,Kasaragod,Kasaragod 588056300,Maire 056306270840
Kerala,Kasaragod,Kasaragod 588056300,Majibail 056306270680
Kerala,Kasaragod,Kasaragod 588056300,Meenja 056306270640
Kerala,Kasaragod,Kasaragod 588056300,Moodambail 056306270660
Kerala,Kasaragod,Kasaragod 588056300,Mugu 056306270830
Kerala,Kasaragod,Kasaragod 588056300,Mulinja 056306270700
Kerala,Kasaragod,Kasaragod 588056300,Muliyar 056306271120
Kerala,Kasaragod,Kasaragod 588056300,Munnad 056306271150
Kerala,Kasaragod,Kasaragod 588056300,Muttathody 056306271030
Kerala,Kasaragod,Kasaragod 588056300,Nekraje 056306271050
Kerala,Kasaragod,Kasaragod 588056300,Nettanige 056306271080
Kerala,Kasaragod,Kasaragod 588056300,Nirchal 056306270890
Kerala,Kasaragod,Kasaragod 588056300,Padre 056306270870
Kerala,Kasaragod,Kasaragod 588056300,Pady 056306271040
Kerala,Kasaragod,Kasaragod 588056300,Paivalike 056306270780
Kerala,Kasaragod,Kasaragod 588056300,Pathur 056306270590
Kerala,Kasaragod,Kasaragod 588056300,Patla 056306270990
Kerala,Kasaragod,Kasaragod 588056300,Pavoor 056306270570
Kerala,Kasaragod,Kasaragod 588056300,Perumbala 056306271010
Kerala,Kasaragod,Kasaragod 588056300,Puthige 056306270910
Kerala,Kasaragod,Kasaragod 588056300,Talikala 056306270630
Kerala,Kasaragod,Kasaragod 588056300,Thekkil 056306271020
Kerala,Kasaragod,Kasaragod 588056300,Ubrangala 056306271060
Kerala,Kasaragod,Kasaragod 588056300,Ujarulvar 056306270950
Kerala,Kasaragod,Kasaragod 588056300,Vorkady 056306270580
Kerala,Kollam,Karunagappally 600056840,Alappad 056846283570
Kerala,Kollam,Karunagappally 600056840,Clappana 056846283580
Kerala,Kollam,Karunagappally 600056840,Pavumba 056846283600
Kerala,Kollam,Karunagappally 600056840,Thazhava 056846283590
Kerala,Kollam,Karunagappally 600056840,Thekkumbhagom 056846283620
Kerala,Kollam,Karunagappally 600056840,Thevalakkara 056846283610
Kerala,Kollam,Kollam 600056880,Chirakkara 056886284350
Kerala,Kollam,Kollam 600056880,Kalluvathukkal 056886284380
Kerala,Kollam,Kollam 600056880,Kizhakkekallada 056886284320
Kerala,Kollam,Kollam 600056880,Mulavana 056886284330
Kerala,Kollam,Kollam 600056880,Mundrothuruth 056886284310
Kerala,Kollam,Kollam 600056880,Pallimon 056886284340
Kerala,Kollam,Kollam 600056880,Paravoor Part 056886284360
Kerala,Kollam,Kollam 600056880,Parippally 056886284370
Kerala,Kollam,Kottarakkara 600056870,Chadayamangalam 056876284220
Kerala,Kollam,Kottarakkara 600056870,Chakkuvarakkal 056876284100
Kerala,Kollam,Kottarakkara 600056870,Chithara 056876284290
Kerala,Kollam,Kottarakkara 600056870,Elamad 056876284180
Kerala,Kollam,Kottarakkara 600056870,Ezhukone 056876284130
Kerala,Kollam,Kottarakkara 600056870,Ittiva 056876284240
Kerala,Kollam,Kottarakkara 600056870,Kadakkal 056876284250
Kerala,Kollam,Kottarakkara 600056870,Kalayapuram 056876284070
Kerala,Kollam,Kottarakkara 600056870,Kareepra 056876284140
Kerala,Kollam,Kottarakkara 600056870,Kottukkal 056876284230
Kerala,Kollam,Kottarakkara 600056870,Kulakkada 056876284060
Kerala,Kollam,Kottarakkara 600056870,Kummil 056876284270
Kerala,Kollam,Kottarakkara 600056870,Mancode 056876284280
Kerala,Kollam,Kottarakkara 600056870,Melila 056876284090
Kerala,Kollam,Kottarakkara 600056870,Mylom 056876284080
Kerala,Kollam,Kottarakkara 600056870,Neduvathoor 056876284120
Kerala,Kollam,Kottarakkara 600056870,Nilamel 056876284260
Kerala,Kollam,Kottarakkara 600056870,Odanavattam 056876284150
Kerala,Kollam,Kottarakkara 600056870,Pavithreswaram 056876284040
Kerala,Kollam,Kottarakkara 600056870,Pooyappally 056876284200
Kerala,Kollam,Kottarakkara 600056870,Puthur 056876284050
Kerala,Kollam,Kottarakkara 600056870,Ummannoor 056876284160
Kerala,Kollam,Kottarakkara 600056870,Valakam 056876284170
Kerala,Kollam,Kottarakkara 600056870,Velinalloor 056876284210
Kerala,Kollam,Kottarakkara 600056870,Veliyam 056876284190
Kerala,Kollam,Kottarakkara 600056870,Vettikkavala 056876284110
Kerala,Kollam,Kunnathur 600056850,Kunnathur 056856283770
Kerala,Kollam,Kunnathur 600056850,Mynagappally 056856283800
Kerala,Kollam,Kunnathur 600056850,Poruvazhy 056856283760
Kerala,Kollam,Kunnathur 600056850,Sasthamkotta 056856283780
Kerala,Kollam,Kunnathur 600056850,Sooranad North 056856283750
Kerala,Kollam,Kunnathur 600056850,Sooranad South 056856283790
Kerala,Kollam,Kunnathur 600056850,West Kallada 056856283810
Kerala,Kollam,Pathanapuram 600056860,Alayamon 056866284020
Kerala,Kollam,Pathanapuram 600056860,Anchal 056866284000
Kerala,Kollam,Pathanapuram 600056860,Arackal 056866283980
Kerala,Kollam,Pathanapuram 600056860,Arienkavu 056866283930
Kerala,Kollam,Pathanapuram 600056860,Ayiranalloor 056866283960
Kerala,Kollam,Pathanapuram 600056860,Channappetta 056866284030
Kerala,Kollam,Pathanapuram 600056860,Edamon 056866283910
Kerala,Kollam,Pathanapuram 600056860,Edamulackal 056866283990
Kerala,Kollam,Pathanapuram 600056860,Eroor 056866284010
Kerala,Kollam,Pathanapuram 600056860,Karavaloor Part 056866283970
Kerala,Kollam,Pathanapuram 600056860,Kulathupuzha 056866283940
Kerala,Kollam,Pathanapuram 600056860,Pathanapuram 056866283870
Kerala,Kollam,Pathanapuram 600056860,Pattazhy 056866283830
Kerala,Kollam,Pathanapuram 600056860,Pattazhy Vadakkekara 056866283820
Kerala,Kollam,Pathanapuram 600056860,Pidavoor 056866283860
Kerala,Kollam,Pathanapuram 600056860,Piravanthur 056866283890
Kerala,Kollam,Pathanapuram 600056860,Punnala 056866283880
Kerala,Kollam,Pathanapuram 600056860,Thalavoor 056866283840
Kerala,Kollam,Pathanapuram 600056860,Thenmala 056866283920
Kerala,Kollam,Pathanapuram 600056860,Thinkalkarikkakom 056866283950
Kerala,Kollam,Pathanapuram 600056860,Valacode Part 056866283900
Kerala,Kollam,Pathanapuram 600056860,Vilakkudy 056866283850
Kerala,Kottayam,Changanassery 597056710,Changanassery Part 056716281830
Kerala,Kottayam,Changanassery 597056710,Kangazha 056716281890
Kerala,Kottayam,Changanassery 597056710,Karukachal 056716281860
Kerala,Kottayam,Changanassery 597056710,Kurichy 056716281810
Kerala,Kottayam,Changanassery 597056710,Madappally 056716281840
Kerala,Kottayam,Changanassery 597056710,Nedumkunnam 056716281870
Kerala,Kottayam,Changanassery 597056710,Thottackad 056716281850
Kerala,Kottayam,Changanassery 597056710,Vakathanam 056716281800
Kerala,Kottayam,Changanassery 597056710,Vazhappally Padinjaru Part 056716281820
Kerala,Kottayam,Changanassery 597056710,Vazhoor 056716281880
Kerala,Kottayam,Changanassery 597056710,Vellavoor 056716281900
Kerala,Kottayam,Kanjirappally 597056720,Cheruvally 056726282010
Kerala,Kottayam,Kanjirappally 597056720,Chirakkadavu 056726282000
Kerala,Kottayam,Kanjirappally 597056720,Edakkunnam 056726281960
Kerala,Kottayam,Kanjirappally 597056720,Elamgulam 056726281990
Kerala,Kottayam,Kanjirappally 597056720,Elikkulam 056726281980
Kerala,Kottayam,Kanjirappally 597056720,Erumeli North 056726282030
Kerala,Kottayam,Kanjirappally 597056720,Erumeli South 056726282040
Kerala,Kottayam,Kanjirappally 597056720,Kanjirappally 056726281970
Kerala,Kottayam,Kanjirappally 597056720,Koottickal 056726281940
Kerala,Kottayam,Kanjirappally 597056720,Koovappally 056726282020
Kerala,Kottayam,Kanjirappally 597056720,Manimala 056726282050
Kerala,Kottayam,Kanjirappally 597056720,Mundakayam 056726281950
Kerala,Kottayam,Kottayam 597056700,Akalakunnam 056706281600
Kerala,Kottayam,Kottayam 597056700,Anikkad 056706281620
Kerala,Kottayam,Kottayam 597056700,Arpookara 056706281550
Kerala,Kottayam,Kottayam 597056700,Ayarkunnam 056706281590
Kerala,Kottayam,Kottayam 597056700,Chengalam East 056706281610
Kerala,Kottayam,Kottayam 597056700,Kaipuzha 056706281560
Kerala,Kottayam,Kottayam 597056700,Kooroppada 056706281630
Kerala,Kottayam,Kottayam 597056700,Kumarakam 056706281660
Kerala,Kottayam,Kottayam 597056700,Manarcad 056706281640
Kerala,Kottayam,Kottayam 597056700,Meenadam 056706281690
Kerala,Kottayam,Kottayam 597056700,Muttampalam Part 056706281650
Kerala,Kottayam,Kottayam 597056700,Onamthuruth 056706281570
Kerala,Kottayam,Kottayam 597056700,Pampady 056706281700
Kerala,Kottayam,Kottayam 597056700,Peroor 056706281580
Kerala,Kottayam,Kottayam 597056700,Thiruvarpu 056706281670
Kerala,Kottayam,Kottayam 597056700,Veloor Part 056706281680
Kerala,Kottayam,Meenachil 597056680,Bharananganam 056686281240
Kerala,Kottayam,Meenachil 597056680,Elackad 056686281300
Kerala,Kottayam,Meenachil 597056680,Kadanad 056686281180
Kerala,Kottayam,Meenachil 597056680,Kanakkari 056686281290
Kerala,Kottayam,Meenachil 597056680,Kidangoor 056686281310
Kerala,Kottayam,Meenachil 597056680,Kondoor 056686281350
Kerala,Kottayam,Meenachil 597056680,Kuravilangad 056686281280
Kerala,Kottayam,Meenachil 597056680,Kurichithanam 056686281270
Kerala,Kottayam,Meenachil 597056680,Lalam Part 056686281250
Kerala,Kottayam,Meenachil 597056680,Meenachil Part 056686281330
Kerala,Kottayam,Meenachil 597056680,Melukavu 056686281190
Kerala,Kottayam,Meenachil 597056680,Monippally 056686281140
Kerala,Kottayam,Meenachil 597056680,Moonilavu 056686281200
Kerala,Kottayam,Meenachil 597056680,Poonjar Nadubhagam 056686281370
Kerala,Kottayam,Meenachil 597056680,Poonjar Thekkekara 056686281360
Kerala,Kottayam,Meenachil 597056680,Poonjar Vadakkekara 056686281210
Kerala,Kottayam,Meenachil 597056680,Poovarany 056686281340
Kerala,Kottayam,Meenachil 597056680,Puliyannoor Part 056686281320
Kerala,Kottayam,Meenachil 597056680,Ramapuram 056686281170
Kerala,Kottayam,Meenachil 597056680,Teekoy 056686281220
Kerala,Kottayam,Meenachil 597056680,Thalappalam 056686281230
Kerala,Kottayam,Meenachil 597056680,Uzhavoor 056686281150
Kerala,Kottayam,Meenachil 597056680,Vallichira 056686281260
Kerala,Kottayam,Meenachil 597056680,Veliyannoor 056686281130
Kerala,Kottayam,Meenachil 597056680,Vellilappally 056686281160
Kerala,Kottayam,Vaikom 597056690,Chempu 056696281390
Kerala,Kottayam,Vaikom 597056690,Kaduthuruthy 056696281430
Kerala,Kottayam,Vaikom 597056690,Kallara 056696281510
Kerala,Kottayam,Vaikom 597056690,Kothanalloor 056696281540
Kerala,Kottayam,Vaikom 597056690,Kulasekharamangalam 056696281450
Kerala,Kottayam,Vaikom 597056690,Manjoor 056696281530
Kerala,Kottayam,Vaikom 597056690,Mulakulam 056696281410
Kerala,Kottayam,Vaikom 597056690,Muttuchira 056696281520
Kerala,Kottayam,Vaikom 597056690,Naduvile Part 056696281470
Kerala,Kottayam,Vaikom 597056690,Njeezhoor 056696281420
Kerala,Kottayam,Vaikom 597056690,Thalayazham 056696281490
Kerala,Kottayam,Vaikom 597056690,Vadakkemuri Part 056696281460
Kerala,Kottayam,Vaikom 597056690,Vadayar 056696281440
Kerala,Kottayam,Vaikom 597056690,Vaikom Part 056696281480
Kerala,Kottayam,Vaikom 597056690,Vechoor 056696281500
Kerala,Kottayam,Vaikom 597056690,Velloor 056696281400
Kerala,Kozhikode,Kozhikode 591056400,Chathamangalam 056406274160
Kerala,Kozhikode,Kozhikode 591056400,Engapuzha 056406274080
Kerala,Kozhikode,Kozhikode 591056400,Kakkad 056406274190
Kerala,Kozhikode,Kozhikode 591056400,Kakkur 056406274010
Kerala,Kozhikode,Kozhikode 591056400,Kedavur 056406274060
Kerala,Kozhikode,Kozhikode 591056400,Kizhakkoth 056406274030
Kerala,Kozhikode,Kozhikode 591056400,Kodencheri 056406274100
Kerala,Kozhikode,Kozhikode 591056400,Kodiyathur 056406274200
Kerala,Kozhikode,Kozhikode 591056400,Koodaranji 056406274120
Kerala,Kozhikode,Kozhikode 591056400,Koodathayi 056406274090
Kerala,Kozhikode,Kozhikode 591056400,Kumaranallur 056406274180
Kerala,Kozhikode,Kozhikode 591056400,Madavoor 056406274170
Kerala,Kozhikode,Kozhikode 591056400,Narikkuni 056406274020
Kerala,Kozhikode,Kozhikode 591056400,Neeleswaram 056406274140
Kerala,Kozhikode,Kozhikode 591056400,Nellipoyil 056406274110
Kerala,Kozhikode,Kozhikode 591056400,Puthuppadi 056406274070
Kerala,Kozhikode,Kozhikode 591056400,Puthur 056406274150
Kerala,Kozhikode,Kozhikode 591056400,Raroth 056406274050
Kerala,Kozhikode,Kozhikode 591056400,Thiruvambadi 056406274130
Kerala,Kozhikode,Kozhikode 591056400,Vavad 056406274040
Kerala,Kozhikode,Quilandy 591056390,Arikkulam Part 056396273760
Kerala,Kozhikode,Quilandy 591056390,Avitanallur 056396273810
Kerala,Kozhikode,Quilandy 591056390,Chakkittapara 056396273720
Kerala,Kozhikode,Quilandy 591056390,Changaroth 056396273700
Kerala,Kozhikode,Quilandy 591056390,Chempanoda 056396273710
Kerala,Kozhikode,Quilandy 591056390,Chengottukavu 056396273820
Kerala,Kozhikode,Quilandy 591056390,Cheruvannur 056396273680
Kerala,Kozhikode,Quilandy 591056390,Kanthalad 056396273800
Kerala,Kozhikode,Quilandy 591056390,Kayanna 056396273780
Kerala,Kozhikode,Quilandy 591056390,Kinalur 056396273830
Kerala,Kozhikode,Quilandy 591056390,Koorachundu 056396273790
Kerala,Kozhikode,Quilandy 591056390,Kottur 056396273770
Kerala,Kozhikode,Quilandy 591056390,Moodadi 056396273750
Kerala,Kozhikode,Quilandy 591056390,Nochad 056396273740
Kerala,Kozhikode,Quilandy 591056390,Palery 056396273690
Kerala,Kozhikode,Quilandy 591056390,Payyoli 056396273670
Kerala,Kozhikode,Quilandy 591056390,Perambra 056396273730
Kerala,Kozhikode,Quilandy 591056390,Sivapuram 056396273850
Kerala,Kozhikode,Quilandy 591056390,Unnikulam 056396273840
Kerala,Kozhikode,Vadakara 591056380,Kavilumpara 056386273450
Kerala,Kozhikode,Vadakara 591056380,Kayakkodi 056386273460
Kerala,Kozhikode,Vadakara 591056380,Kuttiadi 056386273510
Kerala,Kozhikode,Vadakara 591056380,Maruthonkara 056386273520
Kerala,Kozhikode,Vadakara 591056380,Narippatta 056386273470
Kerala,Kozhikode,Vadakara 591056380,Onchiam 056386273410
Kerala,Kozhikode,Vadakara 591056380,Purameri 056386273480
Kerala,Kozhikode,Vadakara 591056380,Thinoor 056386273440
Kerala,Kozhikode,Vadakara 591056380,Thiruvallur 056386273490
Kerala,Kozhikode,Vadakara 591056380,Vanimel 056386273420
Kerala,Kozhikode,Vadakara 591056380,Velom 056386273500
Kerala,Kozhikode,Vadakara 591056380,Vilangad 056386273430
Kerala,Malappuram,Ernad 592056410,Areekode 056416274470
Kerala,Malappuram,Ernad 592056410,Cheekkode 056416274460
Kerala,Malappuram,Ernad 592056410,Chembrasseri 056416274630
Kerala,Malappuram,Ernad 592056410,Edavanna 056416274500
Kerala,Malappuram,Ernad 592056410,Elankur 056416274600
Kerala,Malappuram,Ernad 592056410,Karakunnu 056416274510
Kerala,Malappuram,Ernad 592056410,Kavanoor 056416274520
Kerala,Malappuram,Ernad 592056410,Kuzhimanna 056416274530
Kerala,Malappuram,Ernad 592056410,Morayur 056416274560
Kerala,Malappuram,Ernad 592056410,Muthuvallur 056416274540
Kerala,Malappuram,Ernad 592056410,Nediyiruppu 056416274550
Kerala,Malappuram,Ernad 592056410,Pandalur 056416274610
Kerala,Malappuram,Ernad 592056410,Pandikkad 056416274640
Kerala,Malappuram,Ernad 592056410,Perakamanna 056416274490
Kerala,Malappuram,Ernad 592056410,Pookkottur 056416274570
Kerala,Malappuram,Ernad 592056410,Pulikkal 056416274450
Kerala,Malappuram,Ernad 592056410,Pulpatta 056416274580
Kerala,Malappuram,Ernad 592056410,Trikkalangode 056416274590
Kerala,Malappuram,Ernad 592056410,Urangattiri 056416274480
Kerala,Malappuram,Ernad 592056410,Vazhakkad 056416274440
Kerala,Malappuram,Ernad 592056410,Vettikkattiri 056416274620
Kerala,Malappuram,Ernad 592056410,Vettilappara 056416274430
Kerala,Malappuram,Nilambur 592056420,Akampadam 056426274710
Kerala,Malappuram,Nilambur 592056420,Amarambalam 056426274760
Kerala,Malappuram,Nilambur 592056420,Chekkode 056426274820
Kerala,Malappuram,Nilambur 592056420,Chungathara 056426274730
Kerala,Malappuram,Nilambur 592056420,Edakkara 056426274740
Kerala,Malappuram,Nilambur 592056420,Kalikavu 056426274830
Kerala,Malappuram,Nilambur 592056420,Karulai 056426274770
Kerala,Malappuram,Nilambur 592056420,Karuvarakundu 056426274870
Kerala,Malappuram,Nilambur 592056420,Kerala Estate 056426274860
Kerala,Malappuram,Nilambur 592056420,Kurumbilangode 056426274720
Kerala,Malappuram,Nilambur 592056420,Mambad 056426274780
Kerala,Malappuram,Nilambur 592056420,Porur 056426274800
Kerala,Malappuram,Nilambur 592056420,Pullipadam 056426274700
Kerala,Malappuram,Nilambur 592056420,Thiruvali 056426274790
Kerala,Malappuram,Nilambur 592056420,Thuvvur 056426274850
Kerala,Malappuram,Nilambur 592056420,Vazhikkadavu 056426274750
Kerala,Malappuram,Nilambur 592056420,Vellayur 056426274840
Kerala,Malappuram,Nilambur 592056420,Wandoor 056426274810
Kerala,Malappuram,Perinthalmanna 592056430,Aliparamba 056436275030
Kerala,Malappuram,Perinthalmanna 592056430,Anamangad 056436275040
Kerala,Malappuram,Perinthalmanna 592056430,Angadippuram 056436274980
Kerala,Malappuram,Perinthalmanna 592056430,Arakkuparamba 056436275010
Kerala,Malappuram,Perinthalmanna 592056430,Edappatta 056436274890
Kerala,Malappuram,Perinthalmanna 592056430,Elamkulam 056436275050
Kerala,Malappuram,Perinthalmanna 592056430,Kariavattom 056436274990
Kerala,Malappuram,Perinthalmanna 592056430,Keezhattur 056436274910
Kerala,Malappuram,Perinthalmanna 592056430,Kuruva 056436274950
Kerala,Malappuram,Perinthalmanna 592056430,Kuruvambalam 056436275070
Kerala,Malappuram,Perinthalmanna 592056430,Mankada 056436274930
Kerala,Malappuram,Perinthalmanna 592056430,Melattur 056436274900
Kerala,Malappuram,Perinthalmanna 592056430,Moorkkanad 056436275080
Kerala,Malappuram,Perinthalmanna 592056430,Nenmini 056436274920
Kerala,Malappuram,Perinthalmanna 592056430,Pulamanthole 056436275060
Kerala,Malappuram,Perinthalmanna 592056430,Puzhakkattiri 056436274960
Kerala,Malappuram,Perinthalmanna 592056430,Thazhekode 056436275020
Kerala,Malappuram,Perinthalmanna 592056430,Vadakkangara 056436274940
Kerala,Malappuram,Perinthalmanna 592056430,Valambur 056436274970
Kerala,Malappuram,Perinthalmanna 592056430,Vettathur 056436275000
Kerala,Malappuram,Ponnani 592056460,Nannamukku 056466275610
Kerala,Malappuram,Ponnani 592056460,Perumpadappa 056466275600
Kerala,Malappuram,Ponnani 592056460,Tavanur 056466275570
Kerala,Malappuram,Ponnani 592056460,Vattamkulam 056466275580
Kerala,Malappuram,Ponnani 592056460,Veliyankode 056466275590
Kerala,Malappuram,Tirur 592056440,Ananthavoor 056446275230
Kerala,Malappuram,Tirur 592056440,Athavanad 056446275210
Kerala,Malappuram,Tirur 592056440,Edayoor 056446275200
Kerala,Malappuram,Tirur 592056440,Kalpakancheri 056446275160
Kerala,Malappuram,Tirur 592056440,Kurumbathur 056446275220
Kerala,Malappuram,Tirur 592056440,Mangalam 056446275260
Kerala,Malappuram,Tirur 592056440,Marakkara 056446275170
Kerala,Malappuram,Tirur 592056440,Melmuri 056446275190
Kerala,Malappuram,Tirur 592056440,Niramaruthur 056446275140
Kerala,Malappuram,Tirur 592056440,Ozhur 056446275130
Kerala,Malappuram,Tirur 592056440,Pariyapuram 056446275110
Kerala,Malappuram,Tirur 592056440,Ponmala 056446275180
Kerala,Malappuram,Tirur 592056440,Purathur 056446275250
Kerala,Malappuram,Tirur 592056440,Tanur 056446275120
Kerala,Malappuram,Tirur 592056440,Valavannur 056446275150
Kerala,Malappuram,Tirur 592056440,Vettom 056446275240
Kerala,Malappuram,Tirurangadi 592056450,Parappanangadi 056456275400
Kerala,Malappuram,Tirurangadi 592056450,Vallikkunnu 056456275390
Kerala,Palakkad,Alathur 593056510,Erimayur I 056516276980
Kerala,Palakkad,Alathur 593056510,Erimayur Ii 056516276990
Kerala,Palakkad,Alathur 593056510,Kannambra I 056516277040
Kerala,Palakkad,Alathur 593056510,Kannambra Ii 056516277050
Kerala,Palakkad,Alathur 593056510,Kavasseri I 056516277010
Kerala,Palakkad,Alathur 593056510,Kavasseri Ii 056516277020
Kerala,Palakkad,Alathur 593056510,Kizhakkencheri I 056516277120
Kerala,Palakkad,Alathur 593056510,Kizhakkencheri Ii 056516277110
Kerala,Palakkad,Alathur 593056510,Kottayi I 056516276860
Kerala,Palakkad,Alathur 593056510,Kottayi Ii 056516276870
Kerala,Palakkad,Alathur 593056510,Kuthannur I 056516276940
Kerala,Palakkad,Alathur 593056510,Kuthannur Ii 056516276950
Kerala,Palakkad,Alathur 593056510,Kuzhalmannam I 056516276930
Kerala,Palakkad,Alathur 593056510,Kuzhalmannam Ii 056516276900
Kerala,Palakkad,Alathur 593056510,Mangalam Dam 056516277100
Kerala,Palakkad,Alathur 593056510,Mathur I 056516276880
Kerala,Palakkad,Alathur 593056510,Mathur Ii 056516276890
Kerala,Palakkad,Alathur 593056510,Melarcode 056516277000
Kerala,Palakkad,Alathur 593056510,Peringottukurissi I 056516276850
Kerala,Palakkad,Alathur 593056510,Peringottukurissi Ii 056516276840
Kerala,Palakkad,Alathur 593056510,Puducode 056516277030
Kerala,Palakkad,Alathur 593056510,Tarur I 056516276960
Kerala,Palakkad,Alathur 593056510,Tarur Ii 056516276970
Kerala,Palakkad,Alathur 593056510,Thenkurissi I 056516276910
Kerala,Palakkad,Alathur 593056510,Thenkurissi Ii 056516276920
Kerala,Palakkad,Alathur 593056510,Vadakkancheri I 056516277060
Kerala,Palakkad,Alathur 593056510,Vadakkancheri Ii 056516277070
Kerala,Palakkad,Alathur 593056510,Vandazhi I 056516277090
Kerala,Palakkad,Alathur 593056510,Vandazhi Ii 056516277080
Kerala,Palakkad,Chittur 593056500,Ayiloor 056506276730
Kerala,Palakkad,Chittur 593056500,Chittur Part 056506276560
Kerala,Palakkad,Chittur 593056500,Elavancherry 056506276770
Kerala,Palakkad,Chittur 593056500,Eruthempathy 056506276620
Kerala,Palakkad,Chittur 593056500,Kairady 056506276740
Kerala,Palakkad,Chittur 593056500,Koduvayur Ii 056506276540
Kerala,Palakkad,Chittur 593056500,Kollengode I 056506276790
Kerala,Palakkad,Chittur 593056500,Kollengode Ii 056506276780
Kerala,Palakkad,Chittur 593056500,Kozhinjampara 056506276590
Kerala,Palakkad,Chittur 593056500,Kozhipathy 056506276630
Kerala,Palakkad,Chittur 593056500,Moolathara 056506276650
Kerala,Palakkad,Chittur 593056500,Muthalamada I 056506276800
Kerala,Palakkad,Chittur 593056500,Muthalamada Ii 056506276810
Kerala,Palakkad,Chittur 593056500,Nalleppilly 056506276580
Kerala,Palakkad,Chittur 593056500,Nelliyampathy 056506276760
Kerala,Palakkad,Chittur 593056500,Nemmara 056506276720
Kerala,Palakkad,Chittur 593056500,Ozhalapathy 056506276610
Kerala,Palakkad,Chittur 593056500,Pallassana 056506276700
Kerala,Palakkad,Chittur 593056500,Pattanchery 056506276680
Kerala,Palakkad,Chittur 593056500,Perumatty 056506276660
Kerala,Palakkad,Chittur 593056500,Thathamangalam Part 056506276550
Kerala,Palakkad,Chittur 593056500,Thekkedesom 056506276570
Kerala,Palakkad,Chittur 593056500,Thiruvazhiyad 056506276750
Kerala,Palakkad,Chittur 593056500,Vadakarapathy 056506276600
Kerala,Palakkad,Chittur 593056500,Vadavannur 056506276690
Kerala,Palakkad,Chittur 593056500,Valiyavallampathy 056506276640
Kerala,Palakkad,Chittur 593056500,Vallanghy 056506276710
Kerala,Palakkad,Chittur 593056500,Vandithavalam 056506276670
Kerala,Palakkad,Mannarkad 593056480,Agali 056486276110
Kerala,Palakkad,Mannarkad 593056480,Alanallur I 056486276030
Kerala,Palakkad,Mannarkad 593056480,Alanallur Ii 056486276040
Kerala,Palakkad,Mannarkad 593056480,Alanallur Iii 056486276050
Kerala,Palakkad,Mannarkad 593056480,Kallamala 056486276140
Kerala,Palakkad,Mannarkad 593056480,Karakurissi 056486276220
Kerala,Palakkad,Mannarkad 593056480,Karimba I 056486276200
Kerala,Palakkad,Mannarkad 593056480,Karimba Ii 056486276210
Kerala,Palakkad,Mannarkad 593056480,Kottathara 056486276120
Kerala,Palakkad,Mannarkad 593056480,Kottoppadam I 056486276060
Kerala,Palakkad,Mannarkad 593056480,Kottoppadam Ii 056486276240
Kerala,Palakkad,Mannarkad 593056480,Kottoppadam Iii 056486276070
Kerala,Palakkad,Mannarkad 593056480,Kumaramputhur 056486276230
Kerala,Palakkad,Mannarkad 593056480,Mannarkad Ii 056486276160
Kerala,Palakkad,Mannarkad 593056480,Padavayal 056486276090
Kerala,Palakkad,Mannarkad 593056480,Palakkayam 056486276150
Kerala,Palakkad,Mannarkad 593056480,Payyanadam 056486276080
Kerala,Palakkad,Mannarkad 593056480,Pottassery I 056486276170
Kerala,Palakkad,Mannarkad 593056480,Pottassery Ii 056486276180
Kerala,Palakkad,Mannarkad 593056480,Pudur 056486276100
Kerala,Palakkad,Mannarkad 593056480,Sholayur 056486276130
Kerala,Palakkad,Mannarkad 593056480,Thachampara 056486276190
Kerala,Palakkad,Mannarkad 593056480,Thachanattukara I 056486276250
Kerala,Palakkad,Mannarkad 593056480,Thachanattukara Ii 056486276260
Kerala,Palakkad,Ottappalam 593056470,Ambalapara I 056476275930
Kerala,Palakkad,Ottappalam 593056470,Ambalapara Ii 056476275920
Kerala,Palakkad,Ottappalam 593056470,Anakkara 056476275660
Kerala,Palakkad,Ottappalam 593056470,Ananganadi 056476275820
Kerala,Palakkad,Ottappalam 593056470,Chalavara 056476275830
Kerala,Palakkad,Ottappalam 593056470,Chalissery 056476275880
Kerala,Palakkad,Ottappalam 593056470,Cherpulacherry 056476275720
Kerala,Palakkad,Ottappalam 593056470,Kadampazhipuram I 056476275770
Kerala,Palakkad,Ottappalam 593056470,Kadampazhipuram Ii 056476275760
Kerala,Palakkad,Ottappalam 593056470,Kappur 056476275870
Kerala,Palakkad,Ottappalam 593056470,Karimpuzha I 056476275740
Kerala,Palakkad,Ottappalam 593056470,Karimpuzha Ii 056476275750
Kerala,Palakkad,Ottappalam 593056470,Koppam 056476275850
Kerala,Palakkad,Ottappalam 593056470,Kulukkallur 056476275700
Kerala,Palakkad,Ottappalam 593056470,Lakkidi Perur I 056476275940
Kerala,Palakkad,Ottappalam 593056470,Lakkidi Perur Ii 056476275950
Kerala,Palakkad,Ottappalam 593056470,Nagalassery 056476275890
Kerala,Palakkad,Ottappalam 593056470,Nellaya 056476275710
Kerala,Palakkad,Ottappalam 593056470,Parudur 056476275670
Kerala,Palakkad,Ottappalam 593056470,Pattithara 056476275860
Kerala,Palakkad,Ottappalam 593056470,Sreekrishnapuram I 056476275780
Kerala,Palakkad,Ottappalam 593056470,Sreekrishnapuram Ii 056476275790
Kerala,Palakkad,Ottappalam 593056470,Thirumittacode I 056476275900
Kerala,Palakkad,Ottappalam 593056470,Thiruvegapura 056476275680
Kerala,Palakkad,Ottappalam 593056470,Thrikkadeeri I 056476275810
Kerala,Palakkad,Ottappalam 593056470,Thrikkadeeri Ii 056476275800
Kerala,Palakkad,Ottappalam 593056470,Vallapuzha 056476275840
Kerala,Palakkad,Ottappalam 593056470,Vaniyamkulam I 056476275910
Kerala,Palakkad,Ottappalam 593056470,Vellinezhi 056476275730
Kerala,Palakkad,Ottappalam 593056470,Vilayur 056476275690
Kerala,Palakkad,Palakkad 593056490,Elappully I 056496276460
Kerala,Palakkad,Palakkad 593056490,Elappully Ii 056496276450
Kerala,Palakkad,Palakkad 593056490,Kannadi I 056496276400
Kerala,Palakkad,Palakkad 593056490,Kannadi Ii 056496276410
Kerala,Palakkad,Palakkad 593056490,Keralassery 056496276290
Kerala,Palakkad,Palakkad 593056490,Kodumba 056496276420
Kerala,Palakkad,Palakkad 593056490,Kongad I 056496276320
Kerala,Palakkad,Palakkad 593056490,Kongad Ii 056496276280
Kerala,Palakkad,Palakkad 593056490,Malampuzha I 056496276380
Kerala,Palakkad,Palakkad 593056490,Malampuzha Ii 056496276390
Kerala,Palakkad,Palakkad 593056490,Mankara 056496276310
Kerala,Palakkad,Palakkad 593056490,Mannur 056496276300
Kerala,Palakkad,Palakkad 593056490,Mundur I 056496276340
Kerala,Palakkad,Palakkad 593056490,Mundur Ii 056496276330
Kerala,Palakkad,Palakkad 593056490,Parli I 056496276350
Kerala,Palakkad,Palakkad 593056490,Parli Ii 056496276360
Kerala,Palakkad,Palakkad 593056490,Peruvemba 056496276430
Kerala,Palakkad,Palakkad 593056490,Polpully 056496276440
Kerala,Palakkad,Palakkad 593056490,Pudussery East 056496276470
Kerala,Palakkad,Palakkad 593056490,Puthuppariyaram I 056496276370
Kerala,Pathanamthitta,Adoor 599056830,Angadickal 056836283470
Kerala,Pathanamthitta,Adoor 599056830,Enadimangalam 056836283500
Kerala,Pathanamthitta,Adoor 599056830,Enathu 056836283560
Kerala,Pathanamthitta,Adoor 599056830,Erathu 056836283520
Kerala,Pathanamthitta,Adoor 599056830,Ezhamkulam 056836283510
Kerala,Pathanamthitta,Adoor 599056830,Kadampanadu 056836283550
Kerala,Pathanamthitta,Adoor 599056830,Kalanjoor 056836283490
Kerala,Pathanamthitta,Adoor 599056830,Kodumon 056836283460
Kerala,Pathanamthitta,Adoor 599056830,Koodal 056836283480
Kerala,Pathanamthitta,Adoor 599056830,Kurampala 056836283440
Kerala,Pathanamthitta,Adoor 599056830,Pallickal 056836283540
Kerala,Pathanamthitta,Adoor 599056830,Pandalam 056836283430
Kerala,Pathanamthitta,Adoor 599056830,Pandalam Thekkekara 056836283450
Kerala,Pathanamthitta,Adoor 599056830,Peringanadu Part 056836283530
Kerala,Pathanamthitta,Kozhenchery 599056820,Aranmula 056826283250
Kerala,Pathanamthitta,Kozhenchery 599056820,Aruvappulam 056826283390
Kerala,Pathanamthitta,Kozhenchery 599056820,Chenneerkara 056826283280
Kerala,Pathanamthitta,Kozhenchery 599056820,Elanthoor 056826283270
Kerala,Pathanamthitta,Kozhenchery 599056820,Iravan 056826283400
Kerala,Pathanamthitta,Kozhenchery 599056820,Kidangannur 056826283240
Kerala,Pathanamthitta,Kozhenchery 599056820,Konni 056826283380
Kerala,Pathanamthitta,Kozhenchery 599056820,Konnithazham 056826283350
Kerala,Pathanamthitta,Kozhenchery 599056820,Kulanada 056826283220
Kerala,Pathanamthitta,Kozhenchery 599056820,Malayalapuzha Part 056826283340
Kerala,Pathanamthitta,Kozhenchery 599056820,Mallapuzhassery 056826283260
Kerala,Pathanamthitta,Kozhenchery 599056820,Mezhuveli 056826283230
Kerala,Pathanamthitta,Kozhenchery 599056820,Mylapra Part 056826283330
Kerala,Pathanamthitta,Kozhenchery 599056820,Naranganam 056826283320
Kerala,Pathanamthitta,Kozhenchery 599056820,Omalloor 056826283300
Kerala,Pathanamthitta,Kozhenchery 599056820,Pathanamthitta Part 056826283310
Kerala,Pathanamthitta,Kozhenchery 599056820,Pramadom 056826283360
Kerala,Pathanamthitta,Kozhenchery 599056820,Thannithode 056826283410
Kerala,Pathanamthitta,Kozhenchery 599056820,Vallicode 056826283290
Kerala,Pathanamthitta,Kozhenchery 599056820,Vallicode Kottayam 056826283370
Kerala,Pathanamthitta,Mallappally 599056800,Anicad 056806283050
Kerala,Pathanamthitta,Mallappally 599056800,Ezhumattoor 056806283080
Kerala,Pathanamthitta,Mallappally 599056800,Kallooppara 056806283030
Kerala,Pathanamthitta,Mallappally 599056800,Kottangal 056806283060
Kerala,Pathanamthitta,Mallappally 599056800,Kunnamthanam 056806283020
Kerala,Pathanamthitta,Mallappally 599056800,Mallappally 056806283040
Kerala,Pathanamthitta,Mallappally 599056800,Perumpetty 056806283070
Kerala,Pathanamthitta,Mallappally 599056800,Puramattam 056806283100
Kerala,Pathanamthitta,Mallappally 599056800,Thelliyoor 056806283090
Kerala,Pathanamthitta,Ranni 599056810,Angadi 056816283160
Kerala,Pathanamthitta,Ranni 599056810,Athikkayam 056816283140
Kerala,Pathanamthitta,Ranni 599056810,Ayiroor 056816283170
Kerala,Pathanamthitta,Ranni 599056810,Cherukole 056816283180
Kerala,Pathanamthitta,Ranni 599056810,Chethakkal 056816283110
Kerala,Pathanamthitta,Ranni 599056810,Chittar Seethathodu 056816283210
Kerala,Pathanamthitta,Ranni 599056810,Kollamula 056816283120
Kerala,Pathanamthitta,Ranni 599056810,Pazhavangadi 056816283150
Kerala,Pathanamthitta,Ranni 599056810,Perunad 056816283130
Kerala,Pathanamthitta,Ranni 599056810,Ranni 056816283190
Kerala,Pathanamthitta,Ranni 599056810,Vadasserikkara 056816283200
Kerala,Pathanamthitta,Thiruvalla 599056790,Eraviperoor 056796282990
Kerala,Pathanamthitta,Thiruvalla 599056790,Kadapra 056796282930
Kerala,Pathanamthitta,Thiruvalla 599056790,Kaviyoor 056796282980
Kerala,Pathanamthitta,Thiruvalla 599056790,Kavumbhagom Part 056796282960
Kerala,Pathanamthitta,Thiruvalla 599056790,Koipuram 056796283000
Kerala,Pathanamthitta,Thiruvalla 599056790,Kuttoor 056796282970
Kerala,Pathanamthitta,Thiruvalla 599056790,Nedumpuram 056796282940
Kerala,Pathanamthitta,Thiruvalla 599056790,Niranam 056796282920
Kerala,Pathanamthitta,Thiruvalla 599056790,Peringara 056796282950
Kerala,Pathanamthitta,Thiruvalla 599056790,Thottapuzhassery 056796283010
Kerala,Thiruvananthapuram,Chirayinkeezhu 601056890,Attingal Avanavancherry Part 056896284700
Kerala,Thiruvananthapuram,Chirayinkeezhu 601056890,Ayiroor 056896284530
Kerala,Thiruvananthapuram,Chirayinkeezhu 601056890,Chemmaruthy 056896284540
Kerala,Thiruvananthapuram,Chirayinkeezhu 601056890,Edava 056896284520
Kerala,Thiruvananthapuram,Chirayinkeezhu 601056890,Elamba Mudakkal 056896284690
Kerala,Thiruvananthapuram,Chirayinkeezhu 601056890,Kadakkavoor 056896284710
Kerala,Thiruvananthapuram,Chirayinkeezhu 601056890,Karavaram 056896284650
Kerala,Thiruvananthapuram,Chirayinkeezhu 601056890,Kilimanoor 056896284600
Kerala,Thiruvananthapuram,Chirayinkeezhu 601056890,Koduvazhannoor 056896284630
Kerala,Thiruvananthapuram,Chirayinkeezhu 601056890,Kudavoor 056896284580
Kerala,Thiruvananthapuram,Chirayinkeezhu 601056890,Madavoor 056896284570
Kerala,Thiruvananthapuram,Chirayinkeezhu 601056890,Manamboor 056896284680
Kerala,Thiruvananthapuram,Chirayinkeezhu 601056890,Nagaroor 056896284640
Kerala,Thiruvananthapuram,Chirayinkeezhu 601056890,Navaikulam 056896284550
Kerala,Thiruvananthapuram,Chirayinkeezhu 601056890,Ottoor 056896284660
Kerala,Thiruvananthapuram,Chirayinkeezhu 601056890,Pallickal 056896284560
Kerala,Thiruvananthapuram,Chirayinkeezhu 601056890,Pazhayakunnummel 056896284610
Kerala,Thiruvananthapuram,Chirayinkeezhu 601056890,Pulimath 056896284620
Kerala,Thiruvananthapuram,Chirayinkeezhu 601056890,Sarkara Chirayinkeezhu 056896284720
Kerala,Thiruvananthapuram,Chirayinkeezhu 601056890,Vellalloor 056896284590
Kerala,Thiruvananthapuram,Chirayinkeezhu 601056890,Vettoor Cherunniyoor 056896284670
Kerala,Thiruvananthapuram,Nedumangad 601056900,Anad 056906284920
Kerala,Thiruvananthapuram,Nedumangad 601056900,Aruvikkara 056906284990
Kerala,Thiruvananthapuram,Nedumangad 601056900,Aryanad 056906284960
Kerala,Thiruvananthapuram,Nedumangad 601056900,Kallara 056906284810
Kerala,Thiruvananthapuram,Nedumangad 601056900,Koliyakode 056906284890
Kerala,Thiruvananthapuram,Nedumangad 601056900,Kurupuzha 056906284860
Kerala,Thiruvananthapuram,Nedumangad 601056900,Manikkal 056906284900
Kerala,Thiruvananthapuram,Nedumangad 601056900,Mannoorkara 056906284950
Kerala,Thiruvananthapuram,Nedumangad 601056900,Nellanad 056906284790
Kerala,Thiruvananthapuram,Nedumangad 601056900,Palode 056906284850
Kerala,Thiruvananthapuram,Nedumangad 601056900,Panavoor 056906284870
Kerala,Thiruvananthapuram,Nedumangad 601056900,Pangode 056906284820
Kerala,Thiruvananthapuram,Nedumangad 601056900,Peringamala 056906284830
Kerala,Thiruvananthapuram,Nedumangad 601056900,Perumkulam 056906285010
Kerala,Thiruvananthapuram,Nedumangad 601056900,Pullampara 056906284880
Kerala,Thiruvananthapuram,Nedumangad 601056900,Theakada 056906284910
Kerala,Thiruvananthapuram,Nedumangad 601056900,Thennoor 056906284840
Kerala,Thiruvananthapuram,Nedumangad 601056900,Tholicode 056906284930
Kerala,Thiruvananthapuram,Nedumangad 601056900,Uzhamalackal 056906284970
Kerala,Thiruvananthapuram,Nedumangad 601056900,Vamanapuram 056906284800
Kerala,Thiruvananthapuram,Nedumangad 601056900,Veeranakavu 056906285020
Kerala,Thiruvananthapuram,Nedumangad 601056900,Vellanad 056906285000
Kerala,Thiruvananthapuram,Nedumangad 601056900,Vembayam 056906284980
Kerala,Thiruvananthapuram,Nedumangad 601056900,Vithura 056906284940
Kerala,Thiruvananthapuram,Neyyattinkara 601056920,Amboori 056926285240
Kerala,Thiruvananthapuram,Neyyattinkara 601056920,Anavoor 056926285290
Kerala,Thiruvananthapuram,Neyyattinkara 601056920,Chenkal Part 056926285330
Kerala,Thiruvananthapuram,Neyyattinkara 601056920,Kallikkad 056926285220
Kerala,Thiruvananthapuram,Neyyattinkara 601056920,Karode 056926285320
Kerala,Thiruvananthapuram,Neyyattinkara 601056920,Karumkulam 056926285360
Kerala,Thiruvananthapuram,Neyyattinkara 601056920,Keezharoor 056926285260
Kerala,Thiruvananthapuram,Neyyattinkara 601056920,Kollayil Part 056926285310
Kerala,Thiruvananthapuram,Neyyattinkara 601056920,Kottukal Part 056926285370
Kerala,Thiruvananthapuram,Neyyattinkara 601056920,Kulathoor 056926285340
Kerala,Thiruvananthapuram,Neyyattinkara 601056920,Kunnathukal 056926285300
Kerala,Thiruvananthapuram,Neyyattinkara 601056920,Maranalloor 056926285270
Kerala,Thiruvananthapuram,Neyyattinkara 601056920,Ottasekharamangalam 056926285210
Kerala,Thiruvananthapuram,Neyyattinkara 601056920,Perumkadavila 056926285280
Kerala,Thiruvananthapuram,Neyyattinkara 601056920,Thirupuram 056926285350
Kerala,Thiruvananthapuram,Neyyattinkara 601056920,Vazhichal 056926285230
Kerala,Thiruvananthapuram,Neyyattinkara 601056920,Vellarada 056926285250
Kerala,Thiruvananthapuram,Neyyattinkara 601056920,Vizhinjam Part 056926285380
Kerala,Thiruvananthapuram,Thiruvananthapuram 601056910,Andoorkonam 056916285080
Kerala,Thiruvananthapuram,Thiruvananthapuram 601056910,Kadinamkulam 056916285050
Kerala,Thiruvananthapuram,Thiruvananthapuram 601056910,Keezhthonnakkal 056916285070
Kerala,Thiruvananthapuram,Thiruvananthapuram 601056910,Melthonnakkal 056916285060
Kerala,Thiruvananthapuram,Thiruvananthapuram 601056910,Menamkulam 056916285090
Kerala,Thrissur,Chavakkad 594056530,Annakara 056536277860
Kerala,Thrissur,Chavakkad 594056530,Engandiyur 056536277890
Kerala,Thrissur,Chavakkad 594056530,Irimbranallur 056536277870
Kerala,Thrissur,Chavakkad 594056530,Kadappuram 056536277850
Kerala,Thrissur,Chavakkad 594056530,Kundazhiyur 056536277880
Kerala,Thrissur,Chavakkad 594056530,Nattika 056536277900
Kerala,Thrissur,Chavakkad 594056530,Valappad 056536277910
Kerala,Thrissur,Kodungallur 594056550,Azhikode 056556278720
Kerala,Thrissur,Kodungallur 594056550,Koolimuttam 056556278700
Kerala,Thrissur,Kodungallur 594056550,Padinjare Vemballur 056556278710
Kerala,Thrissur,Mukundapuram 594056560,Alathur 056566279150
Kerala,Thrissur,Mukundapuram 594056560,Alur 056566279050
Kerala,Thrissur,Mukundapuram 594056560,Anandapuram 056566278940
Kerala,Thrissur,Mukundapuram 594056560,Annallur 056566279120
Kerala,Thrissur,Mukundapuram 594056560,Chengallur 056566278920
Kerala,Thrissur,Mukundapuram 594056560,Elanjipra 056566279040
Kerala,Thrissur,Mukundapuram 594056560,Irinjalakuda Part 056566278960
Kerala,Thrissur,Mukundapuram 594056560,Kaduppassery 056566278970
Kerala,Thrissur,Mukundapuram 594056560,Kakkulissery 056566279170
Kerala,Thrissur,Mukundapuram 594056560,Kallur 056566278880
Kerala,Thrissur,Mukundapuram 594056560,Karalam Part 056566278860
Kerala,Thrissur,Mukundapuram 594056560,Karumathra 056566279090
Kerala,Thrissur,Mukundapuram 594056560,Kizhakkummuri 056566279140
Kerala,Thrissur,Mukundapuram 594056560,Kodakara 056566278980
Kerala,Thrissur,Mukundapuram 594056560,Kodassery 056566279020
Kerala,Thrissur,Mukundapuram 594056560,Kottanellur 056566279070
Kerala,Thrissur,Mukundapuram 594056560,Kuruvilassery 056566279160
Kerala,Thrissur,Mukundapuram 594056560,Kuttichira 056566279010
Kerala,Thrissur,Mukundapuram 594056560,Mattathur 056566278990
Kerala,Thrissur,Mukundapuram 594056560,Melur 056566279130
Kerala,Thrissur,Mukundapuram 594056560,Mupliyam 056566278900
Kerala,Thrissur,Mukundapuram 594056560,Muriyad 056566278950
Kerala,Thrissur,Mukundapuram 594056560,Nandipulam 056566278910
Kerala,Thrissur,Mukundapuram 594056560,Nellayi 056566278930
Kerala,Thrissur,Mukundapuram 594056560,Pariyaram 056566279030
Kerala,Thrissur,Mukundapuram 594056560,Puthenchira 056566279100
Kerala,Thrissur,Mukundapuram 594056560,Thazhekkad 056566279060
Kerala,Thrissur,Mukundapuram 594056560,Thirumukkulam 056566279180
Kerala,Thrissur,Mukundapuram 594056560,Thottippal 056566278870
Kerala,Thrissur,Mukundapuram 594056560,Vadakkumbhagom 056566279110
Kerala,Thrissur,Mukundapuram 594056560,Vallivattom 056566279080
Kerala,Thrissur,Mukundapuram 594056560,Varandarappilly 056566278890
Kerala,Thrissur,Mukundapuram 594056560,Vellikulangara 056566279000
Kerala,Thrissur,Talappilly 594056520,Arangottukara 056526277170
Kerala,Thrissur,Talappilly 594056520,Attoor 056526277320
Kerala,Thrissur,Talappilly 594056520,Chelakode 056526277280
Kerala,Thrissur,Talappilly 594056520,Chemmanthatta 056526277390
Kerala,Thrissur,Talappilly 594056520,Chowwannur Part 056526277360
Kerala,Thrissur,Talappilly 594056520,Elanad 056526277550
Kerala,Thrissur,Talappilly 594056520,Kadangode 056526277150
Kerala,Thrissur,Talappilly 594056520,Kanipayyur Part 056526277380
Kerala,Thrissur,Talappilly 594056520,Kanjirakode 056526277340
Kerala,Thrissur,Talappilly 594056520,Karumathara 056526277460
Kerala,Thrissur,Talappilly 594056520,Killimangalam 056526277300
Kerala,Thrissur,Talappilly 594056520,Kiralur 056526277420
Kerala,Thrissur,Talappilly 594056520,Kondazhy 056526277270
Kerala,Thrissur,Talappilly 594056520,Kurumala 056526277490
Kerala,Thrissur,Talappilly 594056520,Manalithara 056526277480
Kerala,Thrissur,Talappilly 594056520,Mangad Part 056526277370
Kerala,Thrissur,Talappilly 594056520,Mayannur 056526277230
Kerala,Thrissur,Talappilly 594056520,Mullurkara 056526277330
Kerala,Thrissur,Talappilly 594056520,Painkulam 056526277220
Kerala,Thrissur,Talappilly 594056520,Pallur 056526277180
Kerala,Thrissur,Talappilly 594056520,Pampady 056526277240
Kerala,Thrissur,Talappilly 594056520,Pangarappilly 056526277510
Kerala,Thrissur,Talappilly 594056520,Panjal 056526277310
Kerala,Thrissur,Talappilly 594056520,Parlikad 056526277430
Kerala,Thrissur,Talappilly 594056520,Pazhayannur 056526277530
Kerala,Thrissur,Talappilly 594056520,Perumpilavu 056526277140
Kerala,Thrissur,Talappilly 594056520,Pilakkad 056526277200
Kerala,Thrissur,Talappilly 594056520,Pulakode 056526277520
Kerala,Thrissur,Talappilly 594056520,Puthuruthy 056526277440
Kerala,Thrissur,Talappilly 594056520,Thalassery 056526277190
Kerala,Thrissur,Talappilly 594056520,Thayyur 056526277410
Kerala,Thrissur,Talappilly 594056520,Thekkumkara 056526277450
Kerala,Thrissur,Talappilly 594056520,Thichur 056526277160
Kerala,Thrissur,Talappilly 594056520,Thiruvilwamala 056526277250
Kerala,Thrissur,Talappilly 594056520,Thonnurkara 056526277500
Kerala,Thrissur,Talappilly 594056520,Vadakkethara 056526277260
Kerala,Thrissur,Talappilly 594056520,Varavoor 056526277210
Kerala,Thrissur,Talappilly 594056520,Vellarakkad 056526277350
Kerala,Thrissur,Talappilly 594056520,Vellattanjur 056526277400
Kerala,Thrissur,Talappilly 594056520,Venganellur 056526277290
Kerala,Thrissur,Talappilly 594056520,Vennur 056526277540
Kerala,Thrissur,Talappilly 594056520,Viruppakka 056526277470
Kerala,Thrissur,Thrissur 594056540,Alappad 056546278210
Kerala,Thrissur,Thrissur 594056540,Arattupuzha 056546278240
Kerala,Thrissur,Thrissur 594056540,Chalakkal 056546278140
Kerala,Thrissur,Thrissur 594056540,Chazhoor 056546278220
Kerala,Thrissur,Thrissur 594056540,Inchamudi 056546278230
Kerala,Thrissur,Thrissur 594056540,Madakkathara 056546278130
Kerala,Thrissur,Thrissur 594056540,Mannamangalam 056546278170
Kerala,Thrissur,Thrissur 594056540,Mulayam 056546278180
Kerala,Thrissur,Thrissur 594056540,Pallippuram 056546278200
Kerala,Thrissur,Thrissur 594056540,Pananchery 056546278150
Kerala,Thrissur,Thrissur 594056540,Peechi 056546278160
Kerala,Thrissur,Thrissur 594056540,Pullu 056546278190
Kerala,Thrissur,Thrissur 594056540,Velappaya 056546278120
Kerala,Wayanad,Mananthavady 590056350,Anchukunnu 056356273050
Kerala,Wayanad,Mananthavady 590056350,Cherukottur 056356273030
Kerala,Wayanad,Mananthavady 590056350,Edavaka 056356273010
Kerala,Wayanad,Mananthavady 590056350,Kanjirangad 056356273080
Kerala,Wayanad,Mananthavady 590056350,Mananthavady 056356272960
Kerala,Wayanad,Mananthavady 590056350,Nalloornad 056356273020
Kerala,Wayanad,Mananthavady 590056350,Panamaram 056356273040
Kerala,Wayanad,Mananthavady 590056350,Payyampally 056356272950
Kerala,Wayanad,Mananthavady 590056350,Periya 056356272980
Kerala,Wayanad,Mananthavady 590056350,Porunnanore 056356273060
Kerala,Wayanad,Mananthavady 590056350,Thavinhal 056356272970
Kerala,Wayanad,Mananthavady 590056350,Thirunelly 056356272930
Kerala,Wayanad,Mananthavady 590056350,Thondernad 056356272990
Kerala,Wayanad,Mananthavady 590056350,Thrissilery 056356272940
Kerala,Wayanad,Mananthavady 590056350,Valat 056356273000
Kerala,Wayanad,Mananthavady 590056350,Vellamunda 056356273070
Kerala,Wayanad,Sulthanbathery 590056360,Ambalavayal 056366273220
Kerala,Wayanad,Sulthanbathery 590056360,Cheeral 056366273200
Kerala,Wayanad,Sulthanbathery 590056360,Irulam 056366273140
Kerala,Wayanad,Sulthanbathery 590056360,Kidanganad 056366273130
Kerala,Wayanad,Sulthanbathery 590056360,Krishnagiri 056366273160
Kerala,Wayanad,Sulthanbathery 590056360,Kuppadi 056366273180
Kerala,Wayanad,Sulthanbathery 590056360,Nadavayal 056366273090
Kerala,Wayanad,Sulthanbathery 590056360,Nenmeni 056366273210
Kerala,Wayanad,Sulthanbathery 590056360,Noolpuzha 056366273190
Kerala,Wayanad,Sulthanbathery 590056360,Padichira 056366273120
Kerala,Wayanad,Sulthanbathery 590056360,Poothadi 056366273100
Kerala,Wayanad,Sulthanbathery 590056360,Pulpalli 056366273110
Kerala,Wayanad,Sulthanbathery 590056360,Purakkadi 056366273150
Kerala,Wayanad,Sulthanbathery 590056360,Sulthanbathery 056366273170
Kerala,Wayanad,Sulthanbathery 590056360,Thomattuchal 056366273230
Kerala,Wayanad,Vythiri 590056370,Achooranam 056376273330
Kerala,Wayanad,Vythiri 590056370,Chundale 056376273360
Kerala,Wayanad,Vythiri 590056370,Kaniambetta 056376273270
Kerala,Wayanad,Vythiri 590056370,Kavumannam 056376273310
Kerala,Wayanad,Vythiri 590056370,Kottappadi Part 056376273370
Kerala,Wayanad,Vythiri 590056370,Kottathara 056376273260
Kerala,Wayanad,Vythiri 590056370,Kunnathidavaka 056376273350
Kerala,Wayanad,Vythiri 590056370,Kuppadithara 056376273250
Kerala,Wayanad,Vythiri 590056370,Muppainad 056376273390
Kerala,Wayanad,Vythiri 590056370,Muttil North 056376273280
Kerala,Wayanad,Vythiri 590056370,Muttil South 056376273290
Kerala,Wayanad,Vythiri 590056370,Padinharethara 056376273240
Kerala,Wayanad,Vythiri 590056370,Pozhuthana 056376273340
Kerala,Wayanad,Vythiri 590056370,Thariyode 056376273320
Kerala,Wayanad,Vythiri 590056370,Thrikkaipatta Part 056376273380
Kerala,Wayanad,Vythiri 590056370,Vellarimala 056376273400
Kerala,Wayanad,Vythiri 590056370,Vengappally 056376273300
